siniestro_id,antiguedad_vehiculo,valor_vehiculo,severidad,tipo_siniestro,piezas_afectadas,requiere_grua,combustible,costo_reparacion
1,17,109569,Grave,Volcadura,8,1,Diesel,23516.11
2,11,50122,Media,Colision,6,0,Diesel,11851.45
3,13,114211,Grave,Colision,9,1,Hibrido,22377.7
4,17,162796,Grave,Choque_Multiple,8,1,Gasolina,20748.49
5,2,55556,Media,Inundacion,4,0,Hibrido,13504.22
6,16,114665,Leve,Colision,2,1,Diesel,8050.24
7,7,105590,Leve,Colision,5,0,Gasolina,9231.96
8,15,138048,Leve,Colision,3,1,Gasolina,8114.64
9,8,36345,Leve,Robo_Parcial,3,0,Gasolina,4669.33
10,6,73439,Media,Colision,7,0,Gasolina,13288.92
11,11,67089,Grave,Choque_Multiple,7,1,Gasolina,18556.02
12,18,28665,Media,Choque_Multiple,7,0,Gasolina,13370.26
13,3,81102,Grave,Volcadura,6,1,Gasolina,21293.58
14,3,72408,Grave,Inundacion,7,1,Gasolina,21089.81
15,10,57405,Media,Colision,4,0,Diesel,10190.29
16,2,111013,Media,Colision,3,0,Hibrido,11132.15
17,7,170205,Leve,Inundacion,1,0,Hibrido,12402.91
18,11,72001,Leve,Robo_Parcial,2,0,Diesel,6288.55
19,3,62582,Leve,Choque_Multiple,5,0,Gasolina,8612.68
20,11,77189,Leve,Robo_Parcial,3,0,Diesel,7995.14
21,8,177546,Media,Choque_Multiple,7,0,Diesel,13795.25
22,12,152017,Media,Colision,5,0,Gasolina,12912.29
23,4,32791,Leve,Colision,5,0,Gasolina,7279.88
24,10,65038,Leve,Robo_Parcial,3,0,Gasolina,5765.99
25,14,77935,Leve,Colision,1,0,Gasolina,5743.14
26,0,33283,Grave,Volcadura,10,1,Hibrido,24050.97
27,14,145496,Leve,Colision,1,0,Gasolina,5659.99
28,13,60255,Leve,Colision,3,0,Gasolina,5194.26
29,17,175001,Media,Robo_Parcial,6,0,Gasolina,15519.86
30,12,117474,Media,Colision,8,1,Gasolina,15397.71
31,18,32051,Media,Robo_Parcial,4,0,Gasolina,11638.16
32,1,89023,Leve,Robo_Parcial,1,1,Gasolina,5461.59
33,10,69506,Leve,Colision,1,0,Hibrido,6712.79
34,8,30348,Media,Robo_Parcial,7,0,Gasolina,11861.95
35,15,51229,Media,Colision,2,0,Gasolina,8868.3
36,9,120245,Grave,Colision,6,1,Gasolina,15829.39
37,17,81119,Leve,Colision,4,0,Diesel,8318.18
38,2,176569,Leve,Colision,5,0,Gasolina,10405.55
39,2,104127,Media,Colision,5,0,Gasolina,10084.55
40,16,143811,Media,Robo_Parcial,7,0,Gasolina,14041.48
41,15,80824,Media,Volcadura,7,0,Hibrido,17598.71
42,13,173404,Media,Colision,6,0,Diesel,15422.13
43,9,139134,Leve,Volcadura,5,0,Gasolina,12804.78
44,9,67096,Leve,Robo_Parcial,2,0,Gasolina,6997.26
45,9,146676,Media,Inundacion,2,0,Gasolina,14871.7
46,0,92737,Media,Colision,3,1,Diesel,9894.81
47,0,39503,Grave,Colision,6,1,Hibrido,15152.0
48,13,120272,Media,Volcadura,3,0,Gasolina,16406.4
49,18,156137,Grave,Robo_Parcial,11,1,Electrico,23059.85
50,8,155141,Grave,Colision,11,1,Gasolina,23388.94
51,18,127223,Media,Choque_Multiple,7,1,Gasolina,16284.76
52,8,140205,Leve,Volcadura,5,0,Gasolina,14042.05
53,17,136091,Media,Colision,5,1,Gasolina,15601.39
54,11,105785,Leve,Inundacion,1,0,Electrico,9854.77
55,7,91317,Media,Colision,7,0,Gasolina,12049.61
56,7,140973,Leve,Inundacion,1,0,Gasolina,11804.44
57,7,102967,Leve,Volcadura,5,0,Diesel,12191.72
58,13,33881,Leve,Colision,3,0,Hibrido,5677.57
59,10,135720,Grave,Volcadura,10,1,Gasolina,23865.24
60,11,135328,Media,Choque_Multiple,5,1,Gasolina,13701.99
61,5,141235,Media,Colision,3,0,Gasolina,11561.59
62,5,90432,Media,Inundacion,7,0,Diesel,14106.96
63,10,143355,Media,Choque_Multiple,5,0,Diesel,16077.7
64,6,47124,Leve,Colision,6,0,Gasolina,5861.2
65,0,171415,Media,Robo_Parcial,10,0,Diesel,15028.17
66,5,38050,Leve,Colision,2,0,Electrico,7011.25
67,3,28700,Media,Colision,7,0,Gasolina,10038.6
68,6,74950,Grave,Choque_Multiple,9,1,Gasolina,22291.73
69,13,79160,Media,Inundacion,5,0,Gasolina,16150.32
70,4,32542,Leve,Colision,1,0,Diesel,2669.19
71,14,47475,Leve,Colision,1,0,Diesel,6929.11
72,13,92168,Leve,Robo_Parcial,6,0,Gasolina,10985.92
73,1,26405,Leve,Robo_Parcial,2,0,Electrico,7903.69
74,17,35780,Media,Colision,1,0,Gasolina,7937.39
75,10,164047,Leve,Colision,1,0,Electrico,11869.9
76,8,119527,Grave,Colision,11,1,Diesel,20461.04
77,8,160521,Leve,Volcadura,1,0,Gasolina,14676.93
78,14,38951,Leve,Colision,3,0,Gasolina,7359.09
79,3,154737,Leve,Colision,2,0,Hibrido,6918.38
80,4,57415,Leve,Colision,2,0,Hibrido,8123.33
81,18,178531,Leve,Inundacion,6,0,Hibrido,15816.34
82,7,155576,Media,Volcadura,8,0,Gasolina,18952.84
83,18,52805,Grave,Colision,12,1,Diesel,22512.59
84,14,95600,Media,Colision,8,0,Gasolina,13319.73
85,18,58900,Leve,Colision,2,1,Gasolina,6472.94
86,12,49261,Leve,Colision,6,1,Hibrido,9563.74
87,5,126843,Media,Colision,6,1,Gasolina,11587.99
88,13,106291,Grave,Robo_Parcial,8,1,Gasolina,20661.31
89,6,153351,Leve,Colision,2,1,Gasolina,9833.48
90,11,73852,Leve,Colision,4,0,Gasolina,7657.6
91,4,154845,Media,Robo_Parcial,7,1,Hibrido,16798.99
92,9,63956,Grave,Robo_Parcial,9,1,Gasolina,20467.43
93,18,37511,Media,Inundacion,3,0,Gasolina,12604.53
94,18,91422,Leve,Robo_Parcial,3,0,Gasolina,8403.42
95,5,128011,Leve,Colision,2,0,Diesel,6200.29
96,14,94487,Leve,Inundacion,3,1,Electrico,12644.47
97,8,52873,Leve,Colision,2,0,Gasolina,5513.61
98,12,152591,Leve,Choque_Multiple,1,0,Diesel,8138.86
99,9,47973,Leve,Colision,3,0,Hibrido,7052.7
100,6,151121,Media,Robo_Parcial,3,0,Gasolina,12460.39
101,9,146484,Leve,Colision,5,0,Gasolina,11078.23
102,15,148598,Leve,Colision,3,0,Gasolina,9637.6
103,10,27064,Leve,Volcadura,1,0,Gasolina,9119.31
104,17,101224,Leve,Colision,1,0,Hibrido,7288.86
105,15,85792,Media,Robo_Parcial,4,1,Hibrido,14038.53
106,13,149082,Leve,Robo_Parcial,1,0,Gasolina,7216.39
107,6,148008,Leve,Colision,3,0,Gasolina,10351.47
108,14,59382,Grave,Choque_Multiple,8,1,Electrico,22552.57
109,11,148817,Media,Volcadura,4,0,Diesel,15932.93
110,4,70427,Leve,Robo_Parcial,4,0,Gasolina,8345.2
111,6,170969,Leve,Colision,4,1,Hibrido,10237.9
112,16,33380,Media,Colision,6,0,Gasolina,11632.13
113,10,118124,Media,Choque_Multiple,2,0,Hibrido,11677.48
114,3,38217,Grave,Colision,6,1,Gasolina,16342.65
115,3,51704,Media,Colision,8,0,Hibrido,13631.27
116,5,101578,Media,Choque_Multiple,2,1,Gasolina,11757.2
117,4,57239,Grave,Colision,6,1,Gasolina,17230.24
118,15,114475,Leve,Colision,2,0,Diesel,9353.03
119,7,64743,Media,Robo_Parcial,6,0,Hibrido,12301.2
120,14,160307,Media,Colision,6,1,Hibrido,15661.48
121,2,47224,Leve,Colision,3,0,Gasolina,4286.76
122,4,175616,Leve,Robo_Parcial,2,0,Gasolina,7109.61
123,12,170125,Grave,Choque_Multiple,8,1,Hibrido,24233.28
124,16,63498,Media,Colision,6,0,Diesel,13401.86
125,11,131038,Media,Volcadura,7,0,Diesel,18802.83
126,4,161438,Grave,Colision,11,1,Gasolina,22589.07
127,5,31139,Leve,Choque_Multiple,1,0,Diesel,5586.18
128,16,53951,Media,Volcadura,5,1,Diesel,17723.66
129,3,142633,Leve,Choque_Multiple,1,0,Electrico,10638.71
130,18,164798,Grave,Colision,8,1,Hibrido,23519.34
131,18,61692,Media,Colision,6,0,Hibrido,13777.62
132,11,144094,Leve,Choque_Multiple,3,1,Hibrido,11399.33
133,15,81304,Leve,Colision,1,0,Gasolina,5698.04
134,8,178171,Media,Colision,2,0,Electrico,13695.05
135,5,62839,Media,Colision,1,0,Gasolina,8390.41
136,6,144388,Media,Choque_Multiple,7,0,Gasolina,14742.96
137,13,53923,Leve,Robo_Parcial,4,0,Electrico,9885.22
138,9,102065,Media,Choque_Multiple,7,1,Hibrido,17359.13
139,9,81513,Leve,Choque_Multiple,5,1,Gasolina,10681.44
140,15,175224,Leve,Colision,2,0,Hibrido,10466.69
141,4,61312,Media,Colision,4,0,Gasolina,9840.54
142,13,126511,Leve,Colision,1,0,Diesel,6367.47
143,2,68414,Media,Robo_Parcial,6,0,Gasolina,10012.59
144,17,47322,Leve,Robo_Parcial,2,0,Gasolina,6732.72
145,15,156763,Grave,Colision,10,1,Gasolina,21678.51
146,6,89300,Media,Volcadura,5,0,Gasolina,14972.86
147,18,36792,Media,Inundacion,5,1,Gasolina,15485.56
148,12,92417,Leve,Inundacion,1,0,Diesel,9309.18
149,4,105424,Grave,Robo_Parcial,13,1,Gasolina,23803.49
150,1,103125,Leve,Colision,1,0,Hibrido,6705.89
151,3,38599,Leve,Choque_Multiple,1,0,Gasolina,5079.44
152,3,95592,Leve,Colision,1,0,Gasolina,5990.73
153,0,95558,Media,Robo_Parcial,8,0,Gasolina,14513.65
154,18,131626,Leve,Volcadura,1,1,Gasolina,12480.55
155,5,89267,Media,Colision,7,1,Gasolina,12377.24
156,9,68878,Leve,Inundacion,1,0,Gasolina,8651.16
157,11,80772,Media,Colision,8,0,Gasolina,13565.39
158,12,57237,Grave,Choque_Multiple,13,1,Gasolina,23152.49
159,16,108441,Grave,Inundacion,6,1,Diesel,19660.81
160,8,89468,Media,Colision,7,0,Hibrido,15953.84
161,4,25536,Media,Colision,7,0,Diesel,10972.64
162,15,127967,Media,Choque_Multiple,5,1,Hibrido,15609.25
163,14,57352,Leve,Choque_Multiple,3,0,Diesel,7716.47
164,0,57706,Media,Inundacion,4,1,Gasolina,13535.17
165,11,75203,Leve,Robo_Parcial,2,0,Gasolina,8687.47
166,11,34645,Leve,Inundacion,2,0,Hibrido,8716.14
167,12,54083,Grave,Robo_Parcial,7,1,Diesel,18752.25
168,18,173148,Leve,Robo_Parcial,2,0,Hibrido,10075.09
169,16,96913,Leve,Robo_Parcial,5,0,Gasolina,9776.63
170,17,143994,Leve,Colision,1,0,Gasolina,6066.36
171,13,96836,Leve,Colision,1,1,Diesel,7357.3
172,1,97858,Grave,Robo_Parcial,8,1,Gasolina,20136.29
173,18,31651,Grave,Colision,7,1,Hibrido,15816.12
174,6,68117,Leve,Colision,2,0,Gasolina,5393.29
175,10,90643,Leve,Colision,6,0,Gasolina,8461.86
176,7,44113,Media,Robo_Parcial,6,0,Gasolina,9995.15
177,1,33740,Leve,Volcadura,1,1,Hibrido,8070.85
178,1,104028,Media,Colision,6,1,Hibrido,13491.15
179,12,50121,Media,Colision,8,0,Gasolina,11007.14
180,14,137225,Grave,Robo_Parcial,7,1,Diesel,22879.89
181,14,160584,Leve,Colision,4,1,Diesel,11642.47
182,6,175264,Leve,Colision,1,0,Gasolina,8279.95
183,4,36552,Leve,Colision,1,0,Gasolina,5167.82
184,17,63174,Leve,Colision,2,1,Gasolina,8130.39
185,4,40025,Leve,Choque_Multiple,2,0,Electrico,8066.03
186,6,42931,Leve,Robo_Parcial,1,0,Gasolina,2343.8
187,18,173398,Grave,Robo_Parcial,8,1,Gasolina,22474.81
188,1,155005,Leve,Colision,3,0,Gasolina,8524.55
189,10,123543,Leve,Colision,4,1,Gasolina,9251.57
190,3,62329,Leve,Colision,1,1,Gasolina,4500.59
191,6,99475,Leve,Volcadura,2,0,Gasolina,9585.17
192,0,71157,Grave,Inundacion,12,1,Gasolina,23683.1
193,3,113705,Grave,Colision,9,1,Diesel,21690.79
194,16,138696,Grave,Colision,12,1,Diesel,25199.86
195,6,164606,Leve,Colision,1,0,Gasolina,5282.52
196,18,74571,Grave,Colision,10,1,Diesel,21346.75
197,8,58150,Grave,Inundacion,10,1,Gasolina,22023.82
198,15,42006,Leve,Colision,5,0,Gasolina,6438.74
199,5,109364,Media,Robo_Parcial,1,0,Gasolina,9843.76
200,18,34595,Leve,Volcadura,1,0,Gasolina,9689.51
201,12,174781,Leve,Volcadura,2,0,Gasolina,13167.96
202,16,117163,Leve,Colision,1,0,Gasolina,6730.91
203,11,155427,Leve,Colision,3,0,Gasolina,9274.83
204,2,102206,Grave,Colision,7,1,Hibrido,17142.62
205,3,56087,Leve,Colision,3,0,Gasolina,6416.65
206,8,74975,Media,Inundacion,9,0,Hibrido,17521.03
207,0,103505,Leve,Colision,7,0,Diesel,9374.41
208,0,148733,Media,Inundacion,9,0,Diesel,17260.91
209,6,149371,Leve,Robo_Parcial,1,0,Gasolina,7214.57
210,2,107070,Grave,Colision,11,1,Gasolina,20057.35
211,17,32891,Leve,Robo_Parcial,5,1,Hibrido,12236.19
212,11,114082,Leve,Colision,3,0,Gasolina,5773.93
213,18,31092,Media,Colision,9,0,Gasolina,15494.81
214,18,127468,Grave,Colision,7,1,Gasolina,20457.18
215,3,111203,Media,Colision,6,1,Gasolina,12387.55
216,1,153087,Leve,Colision,4,0,Gasolina,7773.64
217,16,43344,Media,Colision,7,0,Gasolina,12051.43
218,3,58852,Media,Colision,10,0,Gasolina,14382.25
219,6,106200,Leve,Choque_Multiple,1,0,Gasolina,7702.57
220,16,145312,Leve,Colision,3,0,Hibrido,9939.32
221,16,111216,Grave,Volcadura,7,1,Diesel,24033.38
222,9,144618,Leve,Volcadura,3,0,Hibrido,12294.47
223,13,90309,Leve,Robo_Parcial,1,0,Diesel,7625.52
224,3,128167,Media,Colision,6,0,Gasolina,11734.8
225,2,81952,Grave,Colision,9,1,Gasolina,18055.26
226,3,157224,Media,Colision,4,0,Gasolina,11753.72
227,2,146085,Leve,Choque_Multiple,4,1,Gasolina,10003.41
228,4,110750,Media,Colision,5,0,Diesel,11616.28
229,14,61767,Media,Colision,7,0,Gasolina,14012.0
230,3,165156,Media,Colision,5,0,Gasolina,12178.0
231,5,81799,Media,Volcadura,4,1,Diesel,15260.08
232,16,51946,Leve,Colision,3,0,Diesel,7007.22
233,7,123210,Grave,Colision,9,1,Gasolina,19946.97
234,6,41560,Leve,Volcadura,3,0,Gasolina,7961.41
235,13,159348,Leve,Colision,1,0,Gasolina,7224.59
236,13,56668,Leve,Colision,2,0,Gasolina,6057.95
237,6,145265,Leve,Robo_Parcial,2,1,Hibrido,11489.67
238,13,104045,Media,Colision,8,0,Hibrido,14525.09
239,18,69946,Leve,Colision,1,0,Hibrido,8215.4
240,4,112044,Leve,Choque_Multiple,1,0,Gasolina,4625.88
241,0,178363,Leve,Colision,2,0,Gasolina,6224.16
242,0,57520,Leve,Choque_Multiple,3,1,Gasolina,6587.3
243,9,77956,Leve,Colision,6,0,Electrico,10923.33
244,10,60197,Leve,Robo_Parcial,3,0,Diesel,6242.84
245,9,31211,Leve,Choque_Multiple,2,1,Hibrido,9130.21
246,7,83312,Media,Colision,5,1,Hibrido,13713.31
247,2,75453,Leve,Inundacion,3,0,Gasolina,9154.47
248,6,86947,Media,Colision,4,0,Gasolina,10328.14
249,7,104456,Leve,Colision,2,0,Gasolina,5798.57
250,11,129397,Leve,Colision,1,0,Gasolina,7380.85
251,15,30193,Media,Colision,9,0,Gasolina,14110.2
252,17,71058,Leve,Colision,1,0,Gasolina,6179.87
253,4,148013,Leve,Inundacion,6,0,Gasolina,13133.75
254,12,134004,Grave,Inundacion,8,1,Diesel,24420.58
255,18,43673,Leve,Colision,4,0,Gasolina,6788.03
256,13,91914,Media,Choque_Multiple,4,0,Gasolina,13969.67
257,1,126012,Grave,Choque_Multiple,9,1,Hibrido,22393.45
258,0,63766,Leve,Colision,2,0,Electrico,5938.01
259,5,28234,Leve,Colision,2,0,Electrico,5269.06
260,2,160931,Grave,Volcadura,10,1,Diesel,26602.54
261,16,164775,Media,Colision,5,0,Diesel,14713.61
262,2,53645,Media,Choque_Multiple,5,0,Electrico,13696.38
263,12,105766,Leve,Colision,2,0,Gasolina,6912.66
264,13,100586,Media,Colision,4,0,Gasolina,12269.32
265,3,143138,Media,Colision,6,0,Gasolina,14234.11
266,13,140534,Media,Robo_Parcial,6,0,Gasolina,13643.75
267,8,41846,Leve,Robo_Parcial,1,1,Gasolina,6538.23
268,0,177684,Media,Colision,6,0,Gasolina,14899.74
269,8,152382,Media,Colision,4,0,Electrico,13946.52
270,7,119689,Media,Colision,7,0,Gasolina,13306.38
271,14,130331,Media,Volcadura,7,0,Gasolina,19180.82
272,7,121581,Media,Robo_Parcial,7,0,Gasolina,12919.42
273,10,29359,Media,Volcadura,8,0,Gasolina,15805.13
274,15,129900,Media,Choque_Multiple,3,0,Gasolina,15028.98
275,3,125888,Leve,Colision,4,0,Hibrido,9853.18
276,16,33321,Leve,Choque_Multiple,2,0,Hibrido,9773.04
277,5,141991,Grave,Colision,8,1,Gasolina,19316.17
278,2,52648,Leve,Choque_Multiple,5,0,Diesel,11006.25
279,7,92535,Media,Inundacion,4,0,Diesel,12566.29
280,15,48708,Media,Colision,6,0,Gasolina,12793.03
281,10,123830,Grave,Choque_Multiple,9,1,Diesel,20591.5
282,13,86175,Leve,Colision,3,0,Electrico,9134.67
283,3,175166,Leve,Volcadura,5,1,Gasolina,14433.02
284,17,74770,Grave,Inundacion,8,1,Diesel,23554.54
285,4,161249,Media,Robo_Parcial,6,0,Gasolina,13960.26
286,9,82384,Media,Colision,5,0,Hibrido,11514.78
287,1,108922,Leve,Inundacion,7,0,Gasolina,15240.66
288,6,154767,Leve,Inundacion,6,1,Diesel,15309.18
289,7,38779,Grave,Choque_Multiple,11,1,Gasolina,19674.02
290,5,30653,Media,Colision,3,0,Gasolina,5212.39
291,16,99197,Leve,Inundacion,2,1,Gasolina,9940.97
292,18,39188,Grave,Choque_Multiple,8,1,Gasolina,20175.56
293,15,101305,Grave,Colision,9,1,Diesel,19694.76
294,11,175911,Leve,Choque_Multiple,4,0,Diesel,10819.44
295,5,39766,Leve,Inundacion,3,0,Diesel,9451.28
296,18,138723,Grave,Robo_Parcial,9,1,Gasolina,22206.02
297,15,104348,Media,Inundacion,4,0,Diesel,14021.41
298,2,146549,Grave,Robo_Parcial,9,1,Gasolina,22514.89
299,3,55573,Leve,Colision,1,1,Gasolina,4166.48
300,18,150697,Leve,Choque_Multiple,3,0,Diesel,10336.81
301,13,103214,Media,Colision,9,0,Gasolina,15296.05
302,0,128231,Media,Robo_Parcial,6,0,Gasolina,11643.27
303,3,79385,Grave,Volcadura,10,1,Gasolina,24934.83
304,17,142239,Media,Colision,6,0,Gasolina,14130.42
305,1,47180,Grave,Colision,8,1,Gasolina,18160.84
306,0,90100,Leve,Inundacion,1,0,Gasolina,7997.95
307,18,153566,Media,Robo_Parcial,7,0,Gasolina,15378.54
308,3,36727,Leve,Colision,1,0,Gasolina,5977.23
309,6,119126,Leve,Choque_Multiple,1,0,Diesel,8704.85
310,5,129873,Media,Inundacion,4,1,Gasolina,12919.67
311,8,75496,Media,Robo_Parcial,4,0,Hibrido,10846.72
312,10,138672,Leve,Inundacion,3,0,Diesel,12573.61
313,13,42290,Leve,Colision,5,1,Diesel,7690.03
314,8,27585,Leve,Inundacion,3,0,Gasolina,11464.52
315,16,105360,Media,Choque_Multiple,7,0,Gasolina,15623.55
316,8,50969,Grave,Colision,11,1,Gasolina,19350.88
317,17,169617,Media,Volcadura,5,1,Gasolina,18824.83
318,4,58126,Leve,Robo_Parcial,2,0,Gasolina,8546.96
319,7,134640,Media,Colision,9,0,Gasolina,14402.15
320,13,161470,Grave,Volcadura,10,1,Hibrido,26228.57
321,9,131565,Media,Volcadura,5,0,Gasolina,16035.4
322,18,40050,Leve,Colision,5,1,Electrico,9615.08
323,16,60763,Media,Colision,9,0,Gasolina,13637.2
324,6,26911,Media,Choque_Multiple,5,0,Electrico,12098.86
325,16,36103,Media,Inundacion,4,0,Gasolina,11151.38
326,2,121220,Grave,Colision,11,1,Gasolina,20437.67
327,11,54683,Leve,Robo_Parcial,4,0,Gasolina,6014.15
328,15,101951,Leve,Colision,1,0,Hibrido,6485.31
329,16,34287,Grave,Volcadura,9,1,Gasolina,22675.77
330,14,111127,Leve,Colision,1,0,Gasolina,7941.41
331,13,153986,Leve,Robo_Parcial,4,0,Gasolina,9554.2
332,8,84269,Media,Colision,3,0,Gasolina,11390.32
333,14,140174,Leve,Colision,1,0,Gasolina,7572.22
334,6,99684,Leve,Colision,2,0,Gasolina,3909.07
335,15,94677,Leve,Colision,1,1,Diesel,7479.24
336,12,156559,Media,Choque_Multiple,6,0,Diesel,14985.09
337,4,65774,Leve,Colision,2,0,Gasolina,5037.49
338,0,138856,Media,Colision,7,0,Diesel,13682.49
339,5,90396,Leve,Colision,2,0,Gasolina,7691.73
340,15,52017,Media,Colision,8,0,Diesel,16170.97
341,7,56578,Leve,Colision,7,0,Gasolina,8502.14
342,2,38357,Leve,Robo_Parcial,1,0,Gasolina,1924.3
343,1,158657,Leve,Colision,4,0,Diesel,9437.31
344,7,108844,Grave,Colision,12,1,Gasolina,21560.01
345,9,148747,Leve,Robo_Parcial,1,0,Gasolina,8195.22
346,3,50398,Media,Robo_Parcial,6,0,Hibrido,11672.29
347,18,163638,Media,Colision,5,1,Gasolina,15828.25
348,3,35758,Media,Inundacion,5,0,Hibrido,13086.94
349,2,168282,Media,Colision,2,0,Gasolina,10662.59
350,4,75254,Leve,Choque_Multiple,5,0,Gasolina,8056.44
351,11,120947,Leve,Choque_Multiple,3,0,Electrico,10971.98
352,16,30734,Leve,Colision,4,0,Gasolina,6671.59
353,6,129200,Media,Robo_Parcial,5,0,Gasolina,12635.64
354,17,127300,Leve,Colision,3,0,Diesel,9305.22
355,16,144391,Media,Choque_Multiple,5,0,Gasolina,16755.33
356,3,69855,Leve,Robo_Parcial,2,0,Gasolina,7794.37
357,4,95892,Grave,Colision,14,1,Gasolina,21913.77
358,3,25366,Media,Robo_Parcial,7,0,Hibrido,12178.82
359,8,60025,Leve,Robo_Parcial,2,0,Hibrido,7697.53
360,7,98319,Leve,Inundacion,1,0,Diesel,8562.35
361,3,125134,Grave,Colision,7,1,Gasolina,17275.59
362,14,82839,Leve,Colision,1,0,Gasolina,4309.35
363,13,121636,Leve,Colision,1,0,Gasolina,6696.95
364,18,153586,Grave,Colision,9,1,Hibrido,23297.66
365,12,74243,Leve,Colision,3,0,Gasolina,9251.42
366,16,60990,Media,Choque_Multiple,4,1,Hibrido,13274.04
367,1,59649,Leve,Colision,4,1,Electrico,10099.38
368,3,167179,Media,Colision,5,0,Gasolina,11654.58
369,14,67767,Leve,Colision,3,0,Gasolina,8237.45
370,0,36672,Leve,Colision,1,1,Hibrido,5405.1
371,0,84421,Leve,Colision,2,0,Gasolina,4805.22
372,3,153927,Leve,Colision,6,0,Gasolina,11465.7
373,3,119501,Grave,Inundacion,11,1,Gasolina,23205.08
374,16,112777,Media,Robo_Parcial,7,0,Hibrido,16632.64
375,11,52242,Leve,Colision,2,0,Diesel,6562.4
376,0,63965,Media,Colision,7,0,Electrico,13815.54
377,2,54665,Media,Inundacion,5,0,Gasolina,13583.96
378,12,117434,Leve,Colision,2,0,Gasolina,6077.5
379,7,125449,Leve,Colision,1,0,Gasolina,5984.21
380,18,135583,Media,Choque_Multiple,6,1,Gasolina,15405.44
381,6,29496,Leve,Colision,3,0,Gasolina,5774.43
382,4,102253,Media,Volcadura,2,0,Gasolina,12560.01
383,7,39644,Media,Colision,5,0,Diesel,9606.02
384,13,122434,Leve,Colision,1,0,Gasolina,6069.29
385,4,120746,Leve,Colision,6,0,Diesel,9638.88
386,15,61729,Media,Choque_Multiple,5,0,Diesel,14086.43
387,0,100174,Leve,Colision,1,0,Gasolina,3985.32
388,12,136049,Media,Volcadura,2,0,Gasolina,14062.52
389,7,136062,Grave,Colision,10,1,Electrico,23138.27
390,6,129963,Media,Colision,7,0,Hibrido,15654.51
391,14,150151,Leve,Robo_Parcial,3,0,Diesel,9289.38
392,6,95757,Leve,Colision,1,1,Gasolina,5150.38
393,17,52909,Leve,Robo_Parcial,3,0,Diesel,7028.81
394,1,88002,Leve,Inundacion,1,0,Gasolina,7705.01
395,10,49434,Grave,Colision,8,1,Gasolina,18589.91
396,6,107437,Media,Choque_Multiple,8,1,Gasolina,15563.39
397,16,51477,Media,Choque_Multiple,9,0,Hibrido,16353.34
398,1,101053,Leve,Robo_Parcial,5,0,Gasolina,9485.73
399,6,61926,Media,Colision,8,0,Diesel,12242.34
400,10,142304,Media,Colision,3,0,Hibrido,13646.42
401,12,87681,Leve,Robo_Parcial,3,0,Gasolina,8326.16
402,0,62387,Media,Colision,8,0,Gasolina,10319.01
403,14,107239,Leve,Colision,5,0,Gasolina,9628.12
404,14,92618,Grave,Inundacion,9,1,Hibrido,22823.36
405,3,174090,Media,Colision,5,0,Diesel,13918.47
406,14,121136,Media,Robo_Parcial,5,0,Gasolina,13558.08
407,1,39957,Media,Colision,6,0,Gasolina,9933.82
408,5,174457,Leve,Colision,1,1,Gasolina,8879.59
409,17,146858,Leve,Colision,6,0,Gasolina,12544.45
410,12,111172,Leve,Colision,2,0,Gasolina,6541.98
411,14,35035,Media,Inundacion,6,0,Electrico,16594.61
412,12,41357,Grave,Colision,7,1,Gasolina,17749.51
413,0,135866,Leve,Robo_Parcial,3,0,Gasolina,8348.02
414,14,135027,Media,Robo_Parcial,5,1,Hibrido,17309.61
415,10,102831,Leve,Colision,1,0,Gasolina,6620.49
416,13,117980,Grave,Robo_Parcial,10,1,Hibrido,21470.19
417,6,45397,Media,Robo_Parcial,7,0,Diesel,13710.14
418,10,28718,Leve,Colision,5,1,Electrico,11339.81
419,13,93892,Media,Colision,2,1,Gasolina,11141.26
420,18,50544,Leve,Choque_Multiple,4,0,Gasolina,10721.88
421,6,116248,Leve,Colision,1,0,Gasolina,3510.52
422,9,105469,Media,Volcadura,5,0,Gasolina,14278.78
423,11,167204,Leve,Inundacion,1,0,Gasolina,12964.38
424,17,67639,Media,Colision,7,0,Gasolina,11208.96
425,3,47969,Media,Colision,4,0,Gasolina,7865.74
426,17,51136,Media,Colision,6,0,Gasolina,10051.71
427,14,169595,Leve,Colision,2,0,Hibrido,9458.84
428,13,128758,Leve,Colision,3,0,Gasolina,9009.06
429,13,88322,Leve,Inundacion,3,0,Hibrido,11484.8
430,16,108223,Leve,Inundacion,4,0,Gasolina,11824.04
431,12,38521,Media,Robo_Parcial,7,0,Gasolina,13590.26
432,10,160601,Leve,Colision,2,1,Gasolina,8279.47
433,12,93217,Grave,Colision,9,1,Gasolina,20098.0
434,0,65120,Leve,Choque_Multiple,3,0,Diesel,7469.43
435,4,143936,Media,Choque_Multiple,7,0,Gasolina,16410.58
436,7,124118,Media,Robo_Parcial,5,0,Diesel,15480.76
437,18,52110,Leve,Inundacion,3,0,Gasolina,10560.33
438,2,154563,Grave,Inundacion,9,1,Diesel,24299.55
439,13,44287,Media,Robo_Parcial,6,0,Diesel,13426.75
440,14,67232,Leve,Colision,4,0,Gasolina,8782.32
441,10,115907,Media,Robo_Parcial,4,0,Hibrido,12763.96
442,6,32747,Media,Colision,6,0,Hibrido,10434.24
443,0,110862,Leve,Colision,2,0,Gasolina,5504.77
444,2,116371,Media,Robo_Parcial,2,0,Electrico,12231.68
445,6,90560,Leve,Robo_Parcial,4,0,Gasolina,7691.15
446,18,106680,Leve,Colision,2,0,Gasolina,6232.33
447,8,108558,Media,Robo_Parcial,3,0,Diesel,11989.93
448,2,142808,Leve,Colision,1,0,Hibrido,7047.5
449,16,117341,Leve,Colision,3,0,Gasolina,7025.55
450,6,122428,Leve,Choque_Multiple,4,1,Gasolina,11343.06
451,14,173758,Media,Volcadura,4,0,Gasolina,16632.61
452,3,172051,Leve,Robo_Parcial,5,1,Hibrido,10816.06
453,13,139086,Leve,Colision,4,0,Electrico,12573.44
454,13,56263,Leve,Colision,2,0,Gasolina,6834.9
455,18,26218,Grave,Colision,10,1,Hibrido,19279.96
456,16,35255,Leve,Colision,1,0,Gasolina,5394.9
457,10,115655,Leve,Robo_Parcial,2,0,Diesel,9540.98
458,14,154325,Grave,Inundacion,10,1,Gasolina,25850.72
459,0,83724,Leve,Colision,4,0,Gasolina,7337.92
460,5,48073,Leve,Inundacion,1,0,Electrico,11150.67
461,1,93075,Grave,Colision,10,1,Gasolina,19706.01
462,12,95755,Media,Inundacion,5,0,Gasolina,14538.27
463,18,133342,Media,Robo_Parcial,4,0,Gasolina,12962.29
464,8,109387,Media,Colision,8,0,Gasolina,14469.22
465,7,78973,Media,Colision,4,0,Gasolina,10123.17
466,12,74261,Media,Colision,7,0,Gasolina,10629.56
467,9,144019,Media,Volcadura,6,0,Gasolina,17646.22
468,14,159601,Leve,Colision,4,0,Electrico,11713.53
469,18,51755,Leve,Volcadura,2,0,Gasolina,9662.96
470,0,149843,Media,Colision,5,1,Gasolina,15150.74
471,4,129052,Media,Colision,7,1,Diesel,14396.84
472,13,75838,Leve,Colision,1,0,Gasolina,4905.81
473,1,90259,Grave,Colision,9,1,Gasolina,18812.88
474,2,164495,Leve,Colision,1,0,Gasolina,5532.65
475,8,154806,Leve,Choque_Multiple,2,0,Diesel,10387.06
476,3,73517,Media,Choque_Multiple,4,0,Gasolina,11494.0
477,10,43207,Leve,Colision,1,0,Gasolina,5482.49
478,0,71534,Grave,Volcadura,10,1,Gasolina,24806.95
479,11,149211,Media,Colision,6,0,Gasolina,13792.05
480,9,84844,Media,Colision,6,0,Diesel,12375.53
481,14,153624,Media,Inundacion,5,0,Gasolina,17518.38
482,11,103940,Media,Volcadura,6,0,Gasolina,14423.07
483,3,95762,Media,Choque_Multiple,10,0,Diesel,16442.96
484,4,118636,Media,Colision,5,0,Diesel,8723.79
485,6,124032,Media,Inundacion,7,0,Gasolina,15102.34
486,16,70862,Leve,Robo_Parcial,4,0,Electrico,9630.04
487,9,74957,Leve,Robo_Parcial,1,0,Gasolina,7480.75
488,11,100604,Leve,Colision,3,0,Gasolina,7069.33
489,9,171313,Media,Colision,5,1,Gasolina,15755.03
490,9,57357,Leve,Colision,1,1,Gasolina,6517.09
491,11,99256,Media,Colision,8,0,Diesel,13400.08
492,4,76570,Leve,Inundacion,2,0,Gasolina,9176.51
493,12,135772,Leve,Inundacion,6,0,Gasolina,11906.93
494,13,109536,Media,Colision,6,0,Gasolina,11720.5
495,9,47438,Leve,Inundacion,1,0,Hibrido,9082.84
496,3,61335,Media,Choque_Multiple,3,0,Gasolina,10399.28
497,14,135233,Grave,Colision,9,1,Diesel,20912.2
498,2,61853,Media,Colision,6,1,Gasolina,12837.4
499,18,101898,Leve,Volcadura,4,0,Diesel,14346.9
500,16,145644,Grave,Colision,8,1,Gasolina,23677.1
501,3,101172,Media,Choque_Multiple,6,0,Gasolina,12844.31
502,1,78756,Media,Robo_Parcial,6,0,Diesel,11991.01
503,4,103877,Media,Choque_Multiple,9,0,Gasolina,14582.22
504,2,25009,Leve,Volcadura,1,1,Gasolina,8757.22
505,16,141343,Leve,Inundacion,2,0,Gasolina,12492.69
506,17,93228,Media,Robo_Parcial,7,0,Diesel,13182.34
507,5,62142,Media,Robo_Parcial,7,0,Gasolina,14007.31
508,9,100877,Media,Inundacion,3,0,Diesel,13761.45
509,3,146625,Leve,Colision,4,0,Gasolina,8578.32
510,9,33934,Media,Volcadura,5,0,Electrico,15694.46
511,14,145153,Leve,Inundacion,1,0,Gasolina,12250.87
512,16,127399,Media,Colision,7,0,Gasolina,15141.02
513,4,97965,Media,Robo_Parcial,6,0,Gasolina,12284.0
514,15,72284,Media,Inundacion,6,1,Gasolina,14764.27
515,18,116251,Media,Volcadura,6,0,Gasolina,17508.45
516,3,155923,Grave,Colision,9,1,Hibrido,18122.55
517,7,52638,Grave,Colision,11,1,Gasolina,18512.9
518,2,41233,Media,Colision,6,0,Gasolina,9815.93
519,0,70630,Leve,Choque_Multiple,1,0,Gasolina,8497.99
520,8,153739,Leve,Colision,3,0,Hibrido,9795.93
521,6,47549,Media,Robo_Parcial,5,0,Hibrido,11128.79
522,11,131961,Media,Volcadura,4,0,Diesel,17585.74
523,16,155069,Leve,Colision,3,0,Hibrido,8695.79
524,4,42604,Leve,Robo_Parcial,4,1,Gasolina,6941.45
525,3,55913,Media,Colision,5,0,Gasolina,9860.9
526,8,127347,Media,Colision,9,1,Gasolina,13305.03
527,16,156084,Leve,Robo_Parcial,1,0,Electrico,9603.46
528,8,32858,Leve,Colision,4,1,Gasolina,9354.36
529,10,41339,Leve,Colision,6,0,Diesel,7444.58
530,1,115661,Grave,Inundacion,7,1,Gasolina,20398.64
531,17,150507,Grave,Colision,9,1,Gasolina,21397.94
532,11,138119,Media,Choque_Multiple,6,0,Gasolina,14164.51
533,6,165033,Media,Colision,5,0,Gasolina,12368.54
534,12,57830,Leve,Colision,4,0,Electrico,9731.46
535,11,117219,Leve,Colision,4,0,Gasolina,8643.34
536,17,173910,Leve,Choque_Multiple,3,1,Gasolina,11439.7
537,14,72341,Leve,Colision,1,0,Gasolina,4273.58
538,12,150488,Media,Robo_Parcial,9,0,Diesel,17719.67
539,11,82746,Leve,Colision,1,0,Gasolina,6683.92
540,8,108586,Media,Colision,9,0,Diesel,15165.23
541,8,45564,Leve,Colision,4,0,Gasolina,6422.47
542,11,62214,Leve,Colision,1,0,Gasolina,5884.01
543,1,95857,Leve,Colision,3,0,Gasolina,6029.94
544,15,29941,Grave,Colision,10,1,Gasolina,19364.36
545,13,164589,Leve,Colision,1,1,Gasolina,8248.46
546,10,93821,Media,Robo_Parcial,6,0,Gasolina,11860.61
547,13,39973,Media,Robo_Parcial,9,0,Electrico,14818.05
548,17,146504,Leve,Choque_Multiple,3,0,Gasolina,9685.36
549,7,59569,Grave,Colision,8,1,Electrico,18767.32
550,17,102548,Leve,Colision,1,0,Diesel,6174.07
551,0,57586,Leve,Robo_Parcial,4,0,Gasolina,5237.22
552,0,147274,Leve,Colision,1,0,Gasolina,5121.85
553,2,97468,Grave,Robo_Parcial,11,1,Gasolina,20811.41
554,8,93037,Grave,Colision,8,1,Gasolina,18233.9
555,1,85993,Leve,Colision,1,0,Gasolina,2920.94
556,7,40941,Grave,Inundacion,9,1,Hibrido,22280.03
557,11,166673,Media,Robo_Parcial,5,0,Gasolina,14254.65
558,7,78488,Leve,Colision,3,0,Hibrido,6412.85
559,4,31473,Leve,Choque_Multiple,2,0,Gasolina,7282.18
560,9,33167,Leve,Colision,6,1,Gasolina,7521.63
561,10,158902,Media,Choque_Multiple,6,0,Gasolina,13396.46
562,18,33545,Media,Colision,6,0,Electrico,11390.78
563,7,173216,Media,Robo_Parcial,4,0,Hibrido,13629.14
564,16,38482,Media,Robo_Parcial,4,0,Gasolina,10704.22
565,7,111162,Leve,Choque_Multiple,1,0,Gasolina,8580.94
566,7,141656,Media,Volcadura,4,0,Hibrido,17458.16
567,15,85384,Leve,Colision,1,1,Gasolina,6059.14
568,13,178290,Media,Robo_Parcial,6,1,Gasolina,14898.19
569,16,63901,Media,Robo_Parcial,6,0,Gasolina,10349.76
570,3,134740,Leve,Robo_Parcial,5,1,Gasolina,9783.67
571,13,31273,Media,Inundacion,8,0,Hibrido,17960.75
572,11,58411,Leve,Robo_Parcial,2,0,Hibrido,7026.97
573,18,53251,Grave,Colision,9,1,Gasolina,18234.04
574,13,142900,Media,Colision,6,0,Diesel,11878.58
575,18,158529,Leve,Volcadura,1,0,Gasolina,11591.38
576,14,71326,Media,Robo_Parcial,6,0,Gasolina,12520.26
577,18,160706,Grave,Robo_Parcial,10,1,Gasolina,22212.05
578,10,71770,Grave,Colision,13,1,Diesel,21158.72
579,13,161088,Leve,Volcadura,2,0,Gasolina,13418.14
580,15,140059,Leve,Colision,4,0,Gasolina,8863.5
581,7,98040,Leve,Colision,4,1,Hibrido,7852.0
582,17,166011,Media,Colision,6,0,Electrico,15593.88
583,18,136805,Media,Robo_Parcial,6,1,Diesel,14846.73
584,3,141498,Grave,Colision,10,1,Gasolina,20962.7
585,3,117725,Media,Choque_Multiple,6,1,Gasolina,14955.88
586,14,159439,Media,Colision,4,1,Gasolina,11179.89
587,16,108237,Leve,Robo_Parcial,4,0,Diesel,8446.35
588,7,60880,Media,Volcadura,6,0,Gasolina,16012.61
589,5,155213,Leve,Colision,6,0,Diesel,8415.85
590,0,138854,Leve,Robo_Parcial,3,0,Gasolina,8870.53
591,12,178065,Leve,Colision,1,0,Hibrido,8207.55
592,9,152155,Media,Robo_Parcial,4,0,Gasolina,11972.98
593,9,134994,Grave,Colision,9,1,Gasolina,19874.65
594,10,54762,Leve,Colision,5,0,Hibrido,10093.98
595,13,86567,Leve,Colision,3,0,Gasolina,9289.49
596,10,93578,Media,Colision,6,0,Gasolina,10879.83
597,15,82395,Leve,Choque_Multiple,2,0,Gasolina,9366.85
598,6,53918,Grave,Robo_Parcial,8,1,Gasolina,19881.39
599,0,124401,Leve,Choque_Multiple,5,0,Diesel,9303.3
600,16,80171,Leve,Colision,4,0,Gasolina,9080.24
601,5,123010,Leve,Colision,2,1,Gasolina,5011.1
602,16,51875,Media,Choque_Multiple,7,1,Diesel,15306.89
603,7,33854,Leve,Colision,3,1,Diesel,5185.99
604,8,47260,Leve,Colision,2,1,Diesel,4768.76
605,17,64805,Leve,Robo_Parcial,1,0,Diesel,8247.58
606,13,159310,Media,Colision,5,0,Gasolina,13123.54
607,12,101346,Leve,Colision,1,0,Diesel,6933.08
608,16,89124,Leve,Inundacion,2,0,Diesel,7761.8
609,14,83736,Media,Colision,6,0,Gasolina,10875.32
610,9,112145,Leve,Robo_Parcial,4,0,Electrico,11395.13
611,18,90527,Leve,Colision,4,0,Diesel,7492.26
612,1,154346,Leve,Colision,2,0,Gasolina,7610.75
613,13,26460,Leve,Colision,1,0,Electrico,5785.19
614,7,109367,Media,Colision,3,0,Hibrido,10406.81
615,13,45317,Leve,Choque_Multiple,4,0,Gasolina,10192.08
616,3,35239,Grave,Colision,7,1,Gasolina,15409.8
617,17,134614,Leve,Colision,1,0,Diesel,7933.67
618,16,109511,Media,Colision,5,0,Gasolina,11647.13
619,11,161152,Media,Colision,6,0,Electrico,16180.13
620,4,68054,Media,Volcadura,7,1,Gasolina,16837.58
621,0,106747,Media,Colision,7,1,Diesel,13976.05
622,5,42503,Leve,Robo_Parcial,3,0,Gasolina,8016.21
623,13,178214,Media,Colision,6,0,Diesel,11808.39
624,6,45309,Media,Colision,6,0,Gasolina,11250.96
625,16,178961,Media,Colision,2,0,Electrico,12430.63
626,15,79868,Leve,Choque_Multiple,3,0,Gasolina,8874.11
627,5,149640,Grave,Colision,9,1,Gasolina,20123.05
628,14,136517,Media,Colision,5,0,Gasolina,12572.08
629,12,149381,Leve,Volcadura,2,0,Gasolina,12551.56
630,5,97807,Media,Volcadura,4,0,Diesel,14478.15
631,17,139141,Media,Colision,8,0,Gasolina,13208.76
632,13,81041,Media,Volcadura,7,0,Electrico,18230.28
633,0,76337,Leve,Robo_Parcial,4,1,Gasolina,8412.86
634,8,156804,Grave,Robo_Parcial,10,1,Gasolina,22474.14
635,1,91332,Leve,Colision,2,0,Gasolina,5569.49
636,14,153529,Leve,Choque_Multiple,1,1,Gasolina,8942.55
637,4,71375,Grave,Colision,6,1,Gasolina,17619.96
638,1,107375,Leve,Robo_Parcial,4,0,Gasolina,8167.01
639,10,69358,Grave,Robo_Parcial,11,1,Electrico,22421.29
640,12,134151,Grave,Robo_Parcial,12,1,Gasolina,24226.5
641,8,47011,Leve,Colision,1,0,Diesel,3865.03
642,0,106569,Leve,Colision,1,0,Gasolina,6491.12
643,14,48111,Leve,Colision,2,0,Electrico,6779.26
644,5,27736,Leve,Colision,5,0,Hibrido,8323.21
645,6,59795,Leve,Colision,2,0,Gasolina,6261.12
646,6,96512,Grave,Colision,8,1,Gasolina,20237.09
647,15,118101,Media,Colision,4,0,Hibrido,11563.17
648,1,178412,Leve,Robo_Parcial,3,0,Hibrido,11715.14
649,9,79380,Leve,Inundacion,1,0,Gasolina,8138.49
650,6,92689,Leve,Colision,4,0,Gasolina,6793.88
651,14,178831,Leve,Robo_Parcial,1,0,Gasolina,6919.27
652,11,27070,Leve,Colision,1,0,Gasolina,6457.86
653,5,147379,Media,Choque_Multiple,3,0,Diesel,13361.87
654,12,149144,Grave,Colision,8,1,Diesel,21255.37
655,9,35519,Grave,Volcadura,9,1,Gasolina,20094.5
656,13,136645,Media,Inundacion,5,0,Hibrido,16850.81
657,16,77025,Grave,Robo_Parcial,11,1,Diesel,23372.38
658,1,48697,Leve,Choque_Multiple,3,0,Gasolina,5945.79
659,4,77535,Grave,Colision,10,1,Gasolina,19716.44
660,2,89155,Leve,Robo_Parcial,3,1,Gasolina,8063.3
661,17,128297,Media,Inundacion,4,0,Diesel,13773.73
662,3,126600,Leve,Choque_Multiple,5,0,Hibrido,12585.02
663,13,128245,Media,Colision,3,1,Hibrido,10257.01
664,5,86645,Leve,Colision,4,0,Hibrido,6752.64
665,7,61196,Media,Colision,5,0,Gasolina,10816.3
666,4,99701,Leve,Robo_Parcial,1,0,Gasolina,6467.18
667,12,160619,Grave,Colision,11,1,Gasolina,23274.52
668,12,28204,Leve,Colision,1,1,Diesel,5657.15
669,12,135744,Media,Colision,5,0,Hibrido,14853.93
670,14,156612,Leve,Colision,1,0,Diesel,8986.92
671,13,164385,Media,Volcadura,6,0,Diesel,18419.09
672,8,76803,Media,Robo_Parcial,7,0,Gasolina,12134.19
673,15,145651,Leve,Volcadura,2,0,Gasolina,11531.57
674,0,167278,Leve,Colision,1,0,Gasolina,7226.01
675,3,118649,Media,Robo_Parcial,5,0,Gasolina,12614.65
676,4,154355,Leve,Colision,5,0,Hibrido,9870.03
677,16,174177,Media,Colision,5,0,Diesel,14306.14
678,3,125116,Media,Choque_Multiple,4,0,Gasolina,13825.9
679,5,92333,Media,Choque_Multiple,9,0,Diesel,16641.03
680,18,93413,Grave,Robo_Parcial,6,1,Diesel,18919.05
681,1,123103,Media,Colision,7,0,Gasolina,12190.51
682,16,36991,Media,Inundacion,5,0,Gasolina,13053.82
683,13,59017,Leve,Colision,3,1,Gasolina,5976.63
684,10,82948,Leve,Colision,2,0,Diesel,4522.76
685,10,166939,Leve,Inundacion,4,0,Gasolina,12751.84
686,14,155803,Leve,Choque_Multiple,2,1,Hibrido,10899.36
687,2,152543,Media,Colision,7,0,Gasolina,16338.02
688,10,143357,Media,Colision,5,0,Gasolina,11934.46
689,0,99419,Media,Colision,6,1,Gasolina,14655.34
690,3,50422,Leve,Colision,4,0,Diesel,7131.6
691,12,169197,Leve,Choque_Multiple,1,0,Gasolina,10063.84
692,3,108302,Media,Robo_Parcial,6,0,Gasolina,13728.01
693,14,66148,Grave,Colision,8,1,Gasolina,19892.74
694,14,70159,Media,Colision,4,0,Gasolina,9911.04
695,0,83770,Leve,Robo_Parcial,5,0,Electrico,9982.75
696,10,90520,Leve,Robo_Parcial,1,1,Gasolina,5059.22
697,12,169718,Media,Colision,7,0,Gasolina,13812.51
698,15,77372,Leve,Colision,3,0,Gasolina,6690.94
699,14,88408,Media,Inundacion,5,0,Gasolina,14814.25
700,5,89189,Media,Inundacion,6,0,Hibrido,15674.35
701,15,126008,Leve,Colision,2,1,Diesel,10514.01
702,17,31218,Leve,Volcadura,6,0,Diesel,13584.23
703,1,120256,Leve,Inundacion,1,0,Gasolina,8115.81
704,8,176994,Media,Colision,6,0,Hibrido,15525.07
705,15,80072,Leve,Colision,2,0,Diesel,5719.04
706,8,114769,Leve,Colision,3,0,Gasolina,5755.84
707,4,63803,Media,Colision,7,0,Gasolina,10505.15
708,5,173803,Media,Colision,4,0,Diesel,12662.9
709,4,101633,Grave,Colision,9,1,Gasolina,21331.44
710,4,178153,Leve,Colision,1,0,Gasolina,7069.42
711,5,115233,Media,Robo_Parcial,3,0,Hibrido,11875.91
712,5,162687,Media,Colision,4,1,Gasolina,13799.42
713,6,83801,Leve,Robo_Parcial,2,0,Gasolina,6273.37
714,18,28198,Grave,Volcadura,9,1,Gasolina,21698.68
715,6,120305,Media,Colision,7,1,Gasolina,14349.02
716,17,165962,Grave,Inundacion,11,1,Gasolina,26751.26
717,8,72889,Media,Robo_Parcial,6,0,Gasolina,13925.44
718,8,169697,Leve,Choque_Multiple,2,0,Gasolina,7229.79
719,9,40955,Leve,Colision,3,1,Hibrido,6421.43
720,1,108586,Media,Colision,4,0,Gasolina,10430.38
721,18,81359,Media,Colision,7,0,Diesel,13350.2
722,14,76065,Media,Robo_Parcial,6,0,Gasolina,9366.59
723,8,154133,Media,Colision,4,0,Gasolina,11925.17
724,17,90279,Leve,Robo_Parcial,1,1,Diesel,8366.46
725,5,152816,Leve,Volcadura,1,0,Diesel,11234.77
726,9,49790,Grave,Colision,8,1,Gasolina,16772.91
727,3,85765,Leve,Colision,2,1,Gasolina,7850.54
728,6,174686,Media,Colision,6,0,Gasolina,14455.31
729,5,110375,Grave,Inundacion,7,1,Diesel,20184.38
730,8,84958,Grave,Colision,10,1,Gasolina,19074.14
731,10,117781,Media,Colision,5,0,Gasolina,13164.09
732,12,39498,Grave,Colision,11,1,Diesel,17270.35
733,0,78008,Leve,Choque_Multiple,2,0,Diesel,8338.04
734,10,171294,Media,Colision,6,0,Gasolina,14937.76
735,7,67052,Leve,Colision,2,0,Gasolina,4416.01
736,12,152674,Leve,Inundacion,2,1,Gasolina,11920.7
737,17,121848,Leve,Colision,1,1,Electrico,9990.01
738,13,64786,Grave,Robo_Parcial,7,1,Gasolina,18080.98
739,10,175138,Media,Robo_Parcial,2,0,Gasolina,11345.94
740,2,107303,Grave,Colision,9,1,Gasolina,17364.76
741,10,147768,Leve,Colision,4,0,Gasolina,11734.88
742,0,61770,Leve,Colision,1,1,Gasolina,5978.91
743,16,122904,Leve,Colision,5,0,Diesel,10094.79
744,15,99094,Media,Robo_Parcial,5,0,Diesel,11616.95
745,17,66477,Media,Volcadura,9,0,Electrico,21175.42
746,2,137970,Media,Colision,10,1,Gasolina,13528.34
747,5,175791,Leve,Robo_Parcial,1,0,Gasolina,6210.77
748,18,102021,Leve,Volcadura,4,0,Gasolina,12977.43
749,7,178190,Media,Colision,3,0,Gasolina,12057.19
750,11,176219,Leve,Choque_Multiple,3,1,Gasolina,12276.92
751,1,58377,Media,Inundacion,5,0,Gasolina,13960.59
752,9,67805,Leve,Colision,4,0,Gasolina,6811.75
753,14,57272,Grave,Colision,6,1,Diesel,18006.27
754,12,37901,Leve,Colision,3,0,Gasolina,7078.75
755,5,157829,Grave,Choque_Multiple,11,1,Gasolina,24802.48
756,15,118949,Media,Colision,7,0,Gasolina,16541.78
757,8,158361,Leve,Colision,6,0,Hibrido,11314.36
758,11,119474,Grave,Volcadura,6,1,Gasolina,23366.59
759,2,127153,Grave,Colision,12,1,Hibrido,22060.92
760,1,61893,Grave,Colision,11,1,Gasolina,19469.11
761,15,35221,Leve,Choque_Multiple,4,0,Gasolina,7370.36
762,5,134901,Leve,Inundacion,5,0,Gasolina,11826.18
763,3,67565,Leve,Colision,1,0,Diesel,5581.45
764,0,31771,Leve,Volcadura,6,0,Gasolina,11674.91
765,12,162679,Leve,Colision,2,0,Gasolina,8774.45
766,15,146748,Grave,Volcadura,8,1,Gasolina,24593.28
767,0,106639,Media,Volcadura,5,0,Electrico,17766.53
768,3,150249,Media,Volcadura,5,0,Hibrido,16948.57
769,4,84127,Media,Choque_Multiple,5,0,Gasolina,11443.73
770,8,73398,Media,Colision,5,0,Gasolina,9517.29
771,8,59526,Leve,Colision,4,0,Diesel,8570.46
772,12,37587,Media,Inundacion,8,0,Gasolina,15627.19
773,12,109549,Leve,Colision,3,0,Electrico,8766.96
774,12,143516,Grave,Colision,9,1,Diesel,22247.82
775,16,113434,Leve,Volcadura,2,0,Gasolina,13669.67
776,3,114751,Media,Colision,6,1,Gasolina,11627.83
777,3,84539,Grave,Volcadura,11,1,Gasolina,25541.34
778,11,105486,Media,Robo_Parcial,10,0,Gasolina,14738.75
779,16,76086,Leve,Robo_Parcial,3,0,Gasolina,7381.45
780,4,172556,Grave,Robo_Parcial,10,1,Gasolina,21323.79
781,16,68713,Leve,Colision,4,0,Hibrido,9937.84
782,4,166773,Grave,Robo_Parcial,10,1,Electrico,23198.27
783,12,102724,Leve,Robo_Parcial,1,0,Diesel,7964.16
784,9,25092,Leve,Choque_Multiple,2,0,Gasolina,5916.71
785,2,40524,Media,Colision,4,0,Electrico,10629.23
786,7,127560,Media,Robo_Parcial,5,0,Gasolina,13172.49
787,8,61815,Grave,Colision,9,1,Gasolina,16011.61
788,14,62331,Media,Choque_Multiple,6,0,Gasolina,13328.43
789,15,85864,Media,Colision,8,0,Gasolina,14769.94
790,10,96330,Grave,Colision,10,1,Diesel,19800.2
791,13,178348,Leve,Choque_Multiple,4,0,Gasolina,10612.56
792,2,120040,Leve,Volcadura,1,0,Gasolina,10109.64
793,3,98453,Grave,Choque_Multiple,11,1,Gasolina,21169.64
794,8,118496,Leve,Colision,3,0,Gasolina,6726.85
795,8,52253,Grave,Volcadura,7,1,Gasolina,21554.05
796,16,125292,Leve,Colision,4,1,Gasolina,8494.52
797,7,119555,Media,Choque_Multiple,3,0,Gasolina,10813.13
798,14,145781,Media,Robo_Parcial,9,0,Diesel,15837.79
799,0,81633,Media,Colision,6,0,Hibrido,11628.78
800,14,91457,Leve,Robo_Parcial,1,0,Diesel,9566.86
801,10,145115,Media,Robo_Parcial,6,0,Hibrido,14246.1
802,10,130203,Media,Choque_Multiple,6,1,Gasolina,16507.12
803,17,84656,Leve,Colision,3,0,Diesel,7526.49
804,5,125321,Leve,Volcadura,1,0,Gasolina,10498.17
805,5,69182,Leve,Colision,1,0,Gasolina,3687.79
806,17,166100,Leve,Robo_Parcial,3,0,Hibrido,11287.85
807,12,94040,Leve,Colision,2,0,Hibrido,7996.01
808,9,174450,Grave,Colision,10,1,Gasolina,23889.81
809,4,96771,Leve,Colision,2,0,Gasolina,5321.18
810,6,63109,Leve,Colision,5,0,Gasolina,7615.47
811,17,173920,Leve,Colision,1,0,Hibrido,8906.88
812,12,93548,Media,Inundacion,6,0,Hibrido,15505.65
813,7,108926,Media,Colision,5,0,Diesel,10798.3
814,17,176770,Leve,Inundacion,3,0,Gasolina,11519.97
815,7,116315,Media,Robo_Parcial,1,0,Gasolina,8805.88
816,1,145648,Media,Colision,1,0,Gasolina,10196.57
817,17,40085,Grave,Colision,9,1,Gasolina,18507.47
818,8,174357,Leve,Volcadura,5,0,Diesel,14881.79
819,4,128873,Leve,Colision,1,0,Gasolina,5711.36
820,16,131729,Leve,Robo_Parcial,2,1,Gasolina,8709.8
821,11,178995,Leve,Inundacion,1,0,Diesel,10481.61
822,7,72013,Grave,Colision,12,1,Gasolina,19975.97
823,3,130789,Media,Inundacion,4,0,Gasolina,14948.63
824,10,72969,Leve,Colision,2,0,Gasolina,3825.32
825,12,77587,Leve,Inundacion,1,0,Gasolina,8173.47
826,0,40964,Grave,Colision,8,1,Electrico,19079.22
827,16,28297,Leve,Colision,6,0,Hibrido,9415.28
828,5,74409,Media,Colision,1,1,Diesel,8428.51
829,4,123085,Media,Volcadura,4,0,Gasolina,12948.69
830,14,32953,Media,Inundacion,8,1,Electrico,16882.63
831,9,53252,Leve,Colision,1,0,Gasolina,4567.8
832,10,144188,Grave,Robo_Parcial,7,1,Gasolina,20993.11
833,17,42160,Leve,Colision,3,0,Gasolina,8562.24
834,11,40367,Grave,Inundacion,10,1,Diesel,20430.44
835,18,50894,Grave,Colision,7,1,Gasolina,15906.13
836,17,161753,Leve,Robo_Parcial,3,0,Gasolina,10989.65
837,13,130968,Leve,Colision,3,0,Gasolina,8248.33
838,9,155446,Grave,Choque_Multiple,9,1,Gasolina,20800.07
839,1,74303,Grave,Colision,6,1,Gasolina,15180.92
840,10,37571,Media,Colision,5,0,Gasolina,10748.03
841,13,158267,Media,Colision,4,0,Gasolina,13558.71
842,5,83082,Media,Colision,6,0,Gasolina,12044.87
843,12,79009,Grave,Colision,8,1,Diesel,21305.16
844,10,71414,Grave,Volcadura,7,1,Gasolina,23534.29
845,4,89532,Media,Colision,8,0,Hibrido,12809.29
846,9,78707,Grave,Robo_Parcial,11,1,Gasolina,20719.38
847,13,123862,Leve,Inundacion,3,0,Diesel,10452.02
848,12,35957,Media,Colision,5,0,Gasolina,9533.65
849,15,42432,Leve,Colision,4,0,Electrico,8439.14
850,12,99660,Media,Colision,5,1,Hibrido,13177.73
851,6,47676,Media,Colision,10,0,Gasolina,15822.8
852,7,34969,Grave,Colision,9,1,Gasolina,15992.1
853,11,139847,Media,Colision,6,0,Electrico,13146.21
854,6,108341,Leve,Colision,5,0,Gasolina,10198.11
855,14,77599,Grave,Colision,6,1,Gasolina,19350.86
856,7,73224,Media,Colision,5,0,Hibrido,11275.93
857,16,100446,Media,Colision,6,0,Gasolina,12505.92
858,17,29577,Media,Colision,7,1,Gasolina,12227.1
859,7,26547,Leve,Robo_Parcial,4,1,Gasolina,6110.55
860,1,172754,Media,Colision,6,0,Gasolina,11862.05
861,12,142878,Grave,Colision,8,1,Electrico,21852.77
862,14,150600,Grave,Colision,7,1,Gasolina,19547.18
863,5,126830,Grave,Volcadura,9,1,Hibrido,25207.07
864,4,36155,Media,Choque_Multiple,4,0,Hibrido,11311.92
865,11,79552,Grave,Colision,6,1,Gasolina,18214.2
866,12,146508,Leve,Colision,1,0,Gasolina,8179.62
867,6,173999,Leve,Volcadura,1,0,Gasolina,10271.43
868,13,123255,Media,Colision,6,0,Gasolina,13260.92
869,13,38339,Leve,Colision,5,0,Gasolina,6403.43
870,14,31248,Media,Colision,5,0,Gasolina,9495.32
871,4,130349,Media,Choque_Multiple,6,0,Diesel,15066.43
872,15,107893,Media,Choque_Multiple,3,1,Gasolina,13028.13
873,2,47478,Leve,Inundacion,4,1,Electrico,11282.59
874,11,78217,Media,Inundacion,5,0,Gasolina,14731.04
875,14,149541,Leve,Colision,1,1,Hibrido,11030.83
876,5,133838,Leve,Inundacion,1,0,Diesel,10653.84
877,8,90376,Grave,Robo_Parcial,10,1,Diesel,22078.84
878,4,124863,Media,Colision,6,0,Gasolina,10714.22
879,14,178325,Media,Colision,8,0,Gasolina,15602.41
880,10,47284,Grave,Colision,10,1,Gasolina,19837.07
881,4,54090,Grave,Choque_Multiple,7,1,Gasolina,16108.37
882,2,117985,Media,Choque_Multiple,9,0,Gasolina,15737.48
883,8,75337,Media,Inundacion,6,0,Gasolina,14561.84
884,7,105382,Leve,Inundacion,2,0,Diesel,10827.04
885,2,112272,Media,Colision,8,0,Gasolina,12820.32
886,12,77335,Grave,Colision,12,1,Diesel,21929.51
887,10,121152,Media,Volcadura,6,0,Electrico,17466.2
888,8,169803,Leve,Colision,4,0,Hibrido,10776.78
889,10,158376,Grave,Colision,11,1,Gasolina,23581.2
890,5,122881,Leve,Robo_Parcial,3,1,Diesel,9922.22
891,10,43450,Leve,Robo_Parcial,4,0,Diesel,6971.84
892,3,56975,Leve,Colision,6,0,Diesel,6754.84
893,2,26006,Leve,Robo_Parcial,3,0,Diesel,7875.56
894,6,149792,Media,Choque_Multiple,3,0,Diesel,12976.26
895,18,41060,Leve,Colision,7,0,Hibrido,11519.24
896,18,74635,Media,Choque_Multiple,7,0,Electrico,16556.44
897,5,128459,Media,Robo_Parcial,4,0,Gasolina,11147.21
898,11,88116,Media,Robo_Parcial,7,0,Gasolina,13301.99
899,2,154478,Leve,Choque_Multiple,1,1,Diesel,8020.62
900,14,28145,Grave,Robo_Parcial,8,1,Hibrido,21257.12
901,2,174212,Leve,Volcadura,1,0,Gasolina,11793.83
902,15,107175,Media,Choque_Multiple,6,0,Gasolina,15024.2
903,14,110031,Grave,Volcadura,11,1,Hibrido,26477.89
904,14,65025,Leve,Choque_Multiple,2,1,Gasolina,8869.08
905,4,129705,Leve,Colision,4,1,Electrico,8495.9
906,6,49863,Leve,Colision,2,0,Gasolina,5900.93
907,17,97789,Leve,Colision,2,0,Gasolina,5955.75
908,1,117633,Grave,Colision,8,1,Gasolina,19789.42
909,7,160990,Grave,Choque_Multiple,9,1,Gasolina,22540.95
910,5,113756,Media,Robo_Parcial,5,1,Gasolina,13394.58
911,11,58589,Leve,Inundacion,4,0,Gasolina,10831.55
912,10,86194,Grave,Inundacion,6,1,Gasolina,18929.62
913,8,170488,Leve,Choque_Multiple,1,0,Diesel,7094.41
914,18,85011,Media,Robo_Parcial,6,0,Hibrido,13442.64
915,10,158945,Grave,Colision,10,1,Gasolina,22374.9
916,14,94732,Leve,Colision,4,0,Gasolina,9870.95
917,1,149189,Leve,Robo_Parcial,1,0,Gasolina,9028.45
918,8,108895,Media,Colision,6,0,Gasolina,11643.49
919,3,102494,Media,Choque_Multiple,7,0,Diesel,16098.18
920,13,27861,Leve,Colision,2,0,Gasolina,5507.89
921,11,146881,Media,Inundacion,4,1,Gasolina,16466.19
922,10,53244,Grave,Colision,10,1,Gasolina,20693.66
923,18,58694,Leve,Colision,4,0,Gasolina,7947.65
924,12,169212,Leve,Colision,2,0,Diesel,9198.51
925,9,109938,Media,Robo_Parcial,6,0,Gasolina,12888.95
926,2,42798,Leve,Colision,4,1,Gasolina,8390.27
927,11,113646,Leve,Colision,4,1,Gasolina,9651.36
928,12,65628,Media,Colision,6,0,Hibrido,13028.08
929,7,87721,Leve,Robo_Parcial,5,0,Gasolina,9179.22
930,1,82409,Media,Inundacion,6,0,Gasolina,14123.87
931,12,30047,Media,Colision,8,0,Gasolina,12277.5
932,6,179578,Leve,Colision,1,1,Hibrido,9235.38
933,16,68038,Leve,Colision,5,0,Gasolina,8398.22
934,11,158924,Leve,Volcadura,3,0,Hibrido,12980.14
935,12,56239,Media,Colision,1,0,Diesel,9314.46
936,6,73452,Leve,Colision,6,0,Diesel,10185.76
937,9,81188,Grave,Choque_Multiple,9,1,Diesel,21438.15
938,18,91147,Leve,Colision,6,0,Gasolina,9805.78
939,12,110815,Media,Colision,6,0,Gasolina,10021.33
940,7,45361,Media,Volcadura,7,0,Electrico,16086.5
941,0,104546,Leve,Choque_Multiple,3,0,Diesel,8429.94
942,13,122732,Leve,Colision,6,0,Gasolina,10204.77
943,8,144780,Grave,Volcadura,9,1,Hibrido,24967.98
944,0,149912,Leve,Colision,2,0,Diesel,6000.8
945,8,95796,Leve,Robo_Parcial,5,0,Gasolina,9851.04
946,12,32837,Leve,Colision,1,1,Hibrido,6578.33
947,2,98616,Media,Choque_Multiple,6,0,Electrico,15659.05
948,6,86556,Media,Choque_Multiple,6,0,Hibrido,14075.59
949,17,153064,Media,Choque_Multiple,5,1,Gasolina,14874.53
950,15,167761,Leve,Robo_Parcial,1,1,Diesel,10947.88
951,11,131693,Leve,Colision,1,0,Hibrido,7833.45
952,15,167152,Leve,Inundacion,4,1,Hibrido,15311.78
953,14,143166,Media,Volcadura,6,0,Hibrido,18848.8
954,4,114561,Media,Volcadura,7,1,Hibrido,20349.58
955,6,128900,Leve,Colision,4,1,Gasolina,9954.76
956,0,91772,Grave,Robo_Parcial,10,1,Diesel,21197.3
957,10,153235,Leve,Choque_Multiple,3,0,Diesel,9093.89
958,12,82428,Media,Choque_Multiple,3,0,Diesel,8899.91
959,4,74369,Media,Volcadura,9,0,Hibrido,17827.59
960,9,88395,Media,Colision,6,0,Gasolina,13282.18
961,0,33152,Leve,Colision,4,1,Gasolina,5061.6
962,3,135603,Grave,Robo_Parcial,11,1,Gasolina,22171.75
963,11,79643,Leve,Robo_Parcial,5,0,Diesel,8625.73
964,1,156070,Leve,Colision,1,0,Gasolina,4381.91
965,3,135808,Media,Robo_Parcial,3,0,Gasolina,13638.57
966,1,152781,Media,Colision,5,0,Hibrido,13274.55
967,3,144193,Leve,Colision,1,0,Gasolina,5611.93
968,14,81768,Media,Colision,5,0,Gasolina,10018.84
969,16,141504,Leve,Colision,2,0,Gasolina,9395.38
970,1,91375,Media,Choque_Multiple,2,0,Gasolina,10422.85
971,9,111878,Leve,Robo_Parcial,3,0,Gasolina,8245.01
972,12,71302,Media,Colision,6,0,Hibrido,13443.15
973,7,141566,Media,Inundacion,6,1,Electrico,19113.86
974,18,31207,Leve,Colision,2,0,Diesel,5813.9
975,17,52873,Leve,Colision,1,1,Gasolina,7040.27
976,11,149420,Leve,Inundacion,6,1,Gasolina,13323.97
977,18,73966,Media,Colision,7,0,Gasolina,12794.0
978,5,177599,Leve,Robo_Parcial,3,1,Diesel,11274.5
979,0,122480,Leve,Choque_Multiple,5,0,Gasolina,11004.38
980,4,108762,Grave,Volcadura,9,1,Gasolina,22987.98
981,15,81130,Leve,Colision,1,0,Gasolina,4913.76
982,4,158658,Leve,Choque_Multiple,1,1,Gasolina,9826.27
983,13,119823,Grave,Volcadura,6,1,Gasolina,23695.83
984,10,128449,Leve,Robo_Parcial,4,0,Hibrido,9864.46
985,4,150662,Media,Choque_Multiple,7,0,Gasolina,14064.41
986,16,100399,Media,Colision,4,0,Diesel,10917.82
987,4,35472,Leve,Colision,1,0,Gasolina,4491.53
988,17,110744,Grave,Volcadura,7,1,Diesel,23985.49
989,18,171849,Grave,Robo_Parcial,8,1,Gasolina,20902.53
990,2,153365,Grave,Robo_Parcial,9,1,Diesel,21119.2
991,8,100745,Media,Colision,7,0,Gasolina,12174.27
992,9,75291,Media,Colision,4,0,Diesel,10930.75
993,4,102336,Leve,Robo_Parcial,2,0,Gasolina,5713.98
994,16,70459,Leve,Choque_Multiple,2,0,Diesel,9230.76
995,10,72992,Grave,Choque_Multiple,8,1,Diesel,21181.29
996,18,145344,Media,Colision,4,0,Hibrido,12819.08
997,12,25856,Leve,Choque_Multiple,2,0,Gasolina,8114.17
998,8,158986,Media,Colision,7,0,Gasolina,14253.71
999,15,139602,Leve,Colision,3,0,Gasolina,9466.83
1000,2,97707,Leve,Robo_Parcial,3,0,Gasolina,7814.08
